question,reference_answer,predict_answer_01(no context model),predict_answer_02(rag model),retriever_abstract(True/False),run_time (unit: s)
What millimeter wavelength range is suggested as appropriate to look for dynamic signatures in the solar chromosphere according to the computations by Carlsson and Stein?,The appropriate wavelengths to look for dynamic signatures in the solar chromosphere are in the range of 0.8-5.0 mm.,,0.8-5.0 mm,TRUE,0.923002958
How does the globular cluster mass function (GCMF) in the Milky Way vary with cluster half-mass density (rho_h)?,"The turnover mass (M_TO) of the GCMF increases with the half-mass density (rho_h), while the width of the GCMF decreases. This is attributed to the slow erosion of an initially rising mass function through cluster evaporation driven by internal two-body relaxation.",,depends on cluster half-mass density,TRUE,1.77145195
What is the nature of the huge far-infrared luminosity of the Cloverleaf lensed QSO (H1413+117)?,"The huge far-infrared luminosity of the Cloverleaf lensed QSO is predominantly due to a starburst, as indicated by the ratio of PAH features and rest frame far-infrared emission, which is consistent with lower luminosity star-forming ultraluminous infrared galaxies and local PG QSOs.",,starburst,TRUE,1.035923004
"What is the behavior of the angular momentum Lz​ for nearly horizon-skimming orbits around a nearly extremal Kerr black hole, and how does this behavior compare to normal black hole orbits?","For nearly horizon-skimming orbits around a nearly extremal Kerr black hole (spin a=J/M>0.9524Ma = J/M > 0.9524Ma=J/M>0.9524M), the angular momentum Lz​ increases with the orbit's inclination with respect to the equatorial plane, while keeping latus rectum and eccentricity fixed. This behavior contrasts with normal black hole orbits, where the angular momentum decreases with increasing inclination.",,"increases with the orbit's inclination with respect
to the equatorial plane",TRUE,1.285008192
What is the spatial relationship between the protostars and T-Tauri members in the IC 348 star cluster?,"The population of protostars is anti-correlated spatially with the T-Tauri members. The T-Tauri members comprise the centrally condensed cluster around a B star, while the protostars are mostly found at the cluster periphery about 1 pc from the B star and spread out along a filamentary ridge.",,anti-correlated,TRUE,0.900919199
What are the main observational findings regarding the X-ray and radio emissions from the Galactic non-thermal radio source G328.4+0.2?,"The X-ray emission from G328.4+0.2 is heavily absorbed and has a spectrum best fit by a power law model of photon index=2 with no evidence for a thermal component. The X-ray emission comes from a region significantly smaller than the radio emission, and the X-ray and radio emissions are significantly offset from each other. The radio emission has a flat spectrum, though some areas along the eastern edge of G328.4+0.2 have a steeper radio spectral index of ~-0.3.",,"the X-ray and radio emission are significantly
offset from each other",TRUE,0.916080713
"What are the unique advantages of radio astrometry in exoplanet discovery compared to other methods like radial velocity searches, coronagraphy, or optical interferometry?","Radio astrometry offers greater sensitivity to planets at large radii than radial velocity searches. It is particularly suitable for studying nearby, low-mass, active stars, which cannot be efficiently studied through radial velocity methods, coronagraphy, or optical interferometry. Additionally, with the future capabilities of the Square Kilometer Array (SKA), detection sensitivity will extend to solar-type stars, and planets discovered through radio astrometric methods will be suitable for characterization through extreme adaptive optics.",,greater sensitivity,TRUE,1.382044792
What is the determined contribution of the donor star in the H waveband in the spectrum of A0620-00?,The donor star contribution in the H waveband is determined to be 82±2%.,,82+-2%,TRUE,1.360706806
Which family of Jupiter Trojans in the L4 swarm is dominated by C- and P-type asteroids?,The Eurybates family in the L4 swarm is dominated by C- and P-type asteroids.,,Eurybates,TRUE,0.861290932
What pattern in Faraday rotation measures (RMs) requires the presence of at least one large-scale magnetic reversal in the fourth Galactic quadrant?,"The magnitudes of the Faraday rotation measures (RMs) oscillate with longitude in a manner that correlates with the locations of the Galactic spiral arms, requiring the presence of at least one large-scale magnetic reversal in the fourth Galactic quadrant, located between the Sagittarius-Carina and Scutum-Crux spiral arms.",,counter-clockwise,TRUE,0.967708111
